feature,mean_abs_shap,lightgbm_internal_importance,shap_rank,internal_rank,rank_difference
Local_feature_61,0.9422274586926236,131,1.0,17.0,16.0
size,0.795595032210699,187,2.0,5.0,3.0
Local_feature_59,0.733297278372763,168,3.0,9.0,6.0
Local_feature_46,0.373356981662725,164,4.0,12.0,8.0
Local_feature_53,0.3728891502190842,363,5.0,2.0,3.0
Local_feature_3,0.360918538964611,171,6.0,7.0,1.0
Local_feature_5,0.3208269374764638,73,7.0,47.0,40.0
Local_feature_52,0.2879955408426059,246,8.0,3.0,5.0
Local_feature_58,0.2552616488067489,169,9.0,8.0,1.0
Aggregate_feature_68,0.19910127982223785,92,10.0,28.0,18.0
Local_feature_29,0.1871194114090035,59,11.0,54.0,43.0
Local_feature_16,0.18107062429442577,113,12.0,19.0,7.0
Aggregate_feature_70,0.1726286138432497,86,13.0,33.0,20.0
Local_feature_55,0.17237235362071165,206,14.0,4.0,10.0
Aggregate_feature_32,0.15695947324744225,107,15.0,22.0,7.0
Local_feature_2,0.1491337781129281,452,16.0,1.0,15.0
Local_feature_76,0.14842342961531532,36,17.0,76.0,59.0
Local_feature_90,0.13931006081310876,130,18.0,18.0,0.0
Aggregate_feature_34,0.1354641680771633,137,19.0,16.0,3.0
Aggregate_feature_4,0.13150538291885713,85,20.0,35.0,15.0
Local_feature_80,0.12970022234124234,103,21.0,25.0,4.0
Local_feature_88,0.12937037860684425,168,22.0,9.0,13.0
Aggregate_feature_45,0.11904211729683804,168,23.0,9.0,14.0
Aggregate_feature_28,0.11839688345118043,68,24.0,49.0,25.0
Local_feature_23,0.11360225006859775,83,25.0,38.0,13.0
Aggregate_feature_43,0.10846995910370034,92,26.0,28.0,2.0
Aggregate_feature_31,0.103904687003264,44,27.0,71.0,44.0
Aggregate_feature_13,0.10012620165597401,177,28.0,6.0,22.0
Aggregate_feature_69,0.09422977114153945,26,29.0,94.0,65.0
Local_feature_83,0.09250847620416625,59,30.0,54.0,24.0
Local_feature_89,0.08294938883176142,83,31.0,38.0,7.0
Local_feature_49,0.08217629401905632,84,32.0,36.0,4.0
Local_feature_18,0.07891290939789974,79,33.0,40.0,7.0
fees,0.07665586228625,138,34.0,15.0,19.0
Local_feature_41,0.07654894792573587,75,35.0,42.0,7.0
Aggregate_feature_46,0.07595586875144503,103,36.0,25.0,11.0
Aggregate_feature_8,0.07402936574304499,91,37.0,30.0,7.0
Aggregate_feature_44,0.0728892726645508,144,38.0,13.0,25.0
Aggregate_feature_40,0.07047720532743532,89,39.0,31.0,8.0
Local_feature_35,0.0697635522439812,24,40.0,98.0,58.0
Aggregate_feature_38,0.06962078045547726,79,41.0,40.0,1.0
num_output_addresses,0.06628451539767304,13,42.0,123.0,81.0
Local_feature_64,0.0651956197530277,52,43.0,61.0,18.0
in_BTC_median,0.0646249797759914,71,44.0,48.0,4.0
Local_feature_8,0.06164894704528101,74,45.0,43.0,2.0
Aggregate_feature_64,0.0609994710915423,68,46.0,49.0,3.0
Aggregate_feature_7,0.05993048276214023,105,47.0,23.0,24.0
Aggregate_feature_9,0.05957446136936205,143,48.0,14.0,34.0
Aggregate_feature_71,0.05848200796878367,74,49.0,43.0,6.0
Aggregate_feature_61,0.058390660669332954,104,50.0,24.0,26.0
Local_feature_24,0.057110228745034713,35,51.0,79.0,28.0
Local_feature_77,0.056069398381889846,52,52.0,61.0,9.0
Aggregate_feature_65,0.056013124038694,54,53.0,58.0,5.0
Local_feature_47,0.055521147134358455,84,54.0,36.0,18.0
Aggregate_feature_1,0.05489161247781271,86,55.0,33.0,22.0
Local_feature_20,0.05148948447572026,19,56.0,108.0,52.0
Local_feature_85,0.05072080318606128,35,57.0,79.0,22.0
Local_feature_22,0.04897684789234055,65,58.0,51.0,7.0
Local_feature_79,0.04864016069226616,54,59.0,58.0,1.0
Aggregate_feature_39,0.04663247272926029,87,60.0,32.0,28.0
Aggregate_feature_55,0.044187280949385115,48,61.0,64.0,3.0
Aggregate_feature_37,0.04402772759453346,109,62.0,20.0,42.0
Local_feature_31,0.04385918087218619,21,63.0,101.0,38.0
Aggregate_feature_49,0.04379674650201497,109,64.0,20.0,44.0
Local_feature_40,0.042695208329279234,45,65.0,69.0,4.0
Local_feature_10,0.04143422019533003,35,66.0,79.0,13.0
Aggregate_feature_67,0.03984059763681033,21,67.0,101.0,34.0
Aggregate_feature_50,0.03950827622995024,94,68.0,27.0,41.0
Aggregate_feature_51,0.03830012975429181,74,69.0,43.0,26.0
Local_feature_84,0.03821069628596115,46,70.0,67.0,3.0
Local_feature_65,0.03767068818925169,42,71.0,72.0,1.0
Aggregate_feature_2,0.035198432452648434,74,72.0,43.0,29.0
Aggregate_feature_56,0.034139573105472,48,73.0,64.0,9.0
in_BTC_max,0.033686445886738706,21,74.0,101.0,27.0
Local_feature_91,0.03315458221646637,49,75.0,63.0,12.0
Local_feature_73,0.032652118267055254,61,76.0,53.0,23.0
Aggregate_feature_14,0.029219922511664827,65,77.0,51.0,26.0
Local_feature_9,0.028338145178499995,33,78.0,84.0,6.0
Local_feature_13,0.02809411907523347,28,79.0,89.0,10.0
Local_feature_54,0.027945838333411792,39,80.0,75.0,5.0
Aggregate_feature_66,0.027213149532841117,11,81.0,133.0,52.0
in_txs_degree,0.02667742075439735,31,82.0,85.0,3.0
Aggregate_feature_26,0.025955979997304795,18,83.0,110.0,27.0
out_BTC_median,0.025510156070119604,16,84.0,114.0,30.0
Local_feature_74,0.024833874687649866,4,85.0,156.0,71.0
Local_feature_1,0.02475555340002273,27,86.0,93.0,7.0
Local_feature_60,0.023551568466333127,42,87.0,72.0,15.0
Local_feature_28,0.023297509066997808,15,88.0,118.0,30.0
Local_feature_48,0.022585657149222633,24,89.0,98.0,9.0
Aggregate_feature_63,0.022370871942234555,58,90.0,56.0,34.0
Local_feature_25,0.02219226263459183,36,91.0,76.0,15.0
Aggregate_feature_58,0.020894352446425252,28,92.0,89.0,3.0
Local_feature_66,0.020893302412204957,21,93.0,101.0,8.0
Aggregate_feature_72,0.020859611077438264,12,94.0,127.0,33.0
Aggregate_feature_22,0.020727833180474987,48,95.0,64.0,31.0
Aggregate_feature_17,0.02045428800316854,42,96.0,72.0,24.0
Local_feature_72,0.020412853778335998,30,97.0,87.0,10.0
Local_feature_42,0.020107163708582666,26,98.0,94.0,4.0
out_BTC_min,0.018483537826354667,45,99.0,69.0,30.0
Aggregate_feature_62,0.018246823832081187,56,100.0,57.0,43.0
Aggregate_feature_6,0.017699854155766,17,101.0,112.0,11.0
Local_feature_43,0.016975752486591573,35,102.0,79.0,23.0
Local_feature_56,0.016720293080016668,13,103.0,123.0,20.0
Local_feature_11,0.016375615521075016,23,104.0,100.0,4.0
Aggregate_feature_10,0.016220195133844015,25,105.0,96.0,9.0
Aggregate_feature_16,0.01611738061758924,53,106.0,60.0,46.0
Aggregate_feature_29,0.013767687041057554,17,107.0,112.0,5.0
Local_feature_67,0.013686190402662805,16,108.0,114.0,6.0
Local_feature_26,0.013686162642957637,36,109.0,76.0,33.0
Aggregate_feature_33,0.0133830200112449,16,110.0,114.0,4.0
Aggregate_feature_60,0.013145251670955049,5,111.0,150.0,39.0
Local_feature_78,0.012892799661980859,31,112.0,85.0,27.0
Aggregate_feature_57,0.012756203307845283,29,113.0,88.0,25.0
Aggregate_feature_11,0.012728817442407885,28,114.0,89.0,25.0
Aggregate_feature_21,0.012574627050820094,34,115.0,83.0,32.0
Local_feature_17,0.01220874461224155,19,116.0,108.0,8.0
Aggregate_feature_5,0.011927962776503069,14,117.0,121.0,4.0
total_BTC,0.011898659645476246,12,118.0,127.0,9.0
Aggregate_feature_59,0.011172433385339266,18,119.0,110.0,9.0
Local_feature_71,0.010947187022049092,28,120.0,89.0,31.0
in_BTC_total,0.01060600004858507,20,121.0,106.0,15.0
in_BTC_min,0.009792385889419542,11,122.0,133.0,11.0
Local_feature_19,0.009666144409883911,9,123.0,140.0,17.0
Aggregate_feature_20,0.009440751139017921,13,124.0,123.0,1.0
Aggregate_feature_52,0.009391669672272122,46,125.0,67.0,58.0
Aggregate_feature_3,0.009372208641179729,21,126.0,101.0,25.0
in_BTC_mean,0.009316101461038147,7,127.0,144.0,17.0
Local_feature_57,0.008587547088015318,20,128.0,106.0,22.0
Aggregate_feature_36,0.008273510131954404,11,129.0,133.0,4.0
Aggregate_feature_19,0.008196482523317908,13,130.0,123.0,7.0
Local_feature_30,0.00808206834034868,5,131.0,150.0,19.0
Local_feature_12,0.006425173751706218,25,132.0,96.0,36.0
Aggregate_feature_41,0.006255141101747432,5,133.0,150.0,17.0
Local_feature_4,0.0062449455550493286,4,134.0,156.0,22.0
Local_feature_45,0.006167772771512681,12,135.0,127.0,8.0
Aggregate_feature_18,0.005902347418356623,12,136.0,127.0,9.0
Local_feature_51,0.005451185163132657,15,137.0,118.0,19.0
Aggregate_feature_27,0.005447974693940058,12,138.0,127.0,11.0
Local_feature_6,0.005423316047717872,5,139.0,150.0,11.0
Aggregate_feature_30,0.005177465272230161,16,140.0,114.0,26.0
Aggregate_feature_53,0.0051272954466293295,8,141.0,142.0,1.0
out_txs_degree,0.005006497347096134,14,142.0,121.0,21.0
Aggregate_feature_25,0.004999527721898971,10,143.0,137.0,6.0
Local_feature_37,0.004797382922228001,10,144.0,137.0,7.0
Local_feature_62,0.004474087530064873,8,145.0,142.0,3.0
Local_feature_86,0.004392477210173035,6,146.0,148.0,2.0
Aggregate_feature_35,0.0042039001471325,12,147.0,127.0,20.0
Local_feature_27,0.004121810027536423,6,148.0,148.0,0.0
Aggregate_feature_15,0.003761682327235147,15,149.0,118.0,31.0
Aggregate_feature_24,0.003568518119705422,7,150.0,144.0,6.0
out_BTC_mean,0.003479972276214328,2,151.0,160.0,9.0
Local_feature_34,0.0033785773058127924,10,152.0,137.0,15.0
Local_feature_50,0.0031804122226374004,5,153.0,150.0,3.0
Aggregate_feature_23,0.002832157644380318,11,154.0,133.0,21.0
out_BTC_max,0.0025273393495943283,7,155.0,144.0,11.0
Aggregate_feature_12,0.002281614375652359,5,156.0,150.0,6.0
Local_feature_92,0.0019901452276003496,7,157.0,144.0,13.0
Aggregate_feature_47,0.0018278426641816351,3,158.0,158.0,0.0
Local_feature_81,0.0015184985999693646,1,159.0,163.0,4.0
Local_feature_44,0.0014802389444589007,2,160.0,160.0,0.0
Local_feature_70,0.001354266458167158,9,161.0,140.0,21.0
Local_feature_68,0.0012261440140121087,3,162.0,158.0,4.0
Aggregate_feature_48,0.0009498370205136482,1,163.0,163.0,0.0
Aggregate_feature_42,0.0007348535414664615,1,164.0,163.0,1.0
Local_feature_21,0.0007240069361920392,1,165.0,163.0,2.0
Local_feature_82,0.0004001058635026204,2,166.0,160.0,6.0
Aggregate_feature_54,0.0003938643086627334,1,167.0,163.0,4.0
Local_feature_32,0.00035143240900205504,1,168.0,163.0,5.0
Local_feature_7,0.00018958687522418845,1,169.0,163.0,6.0
Local_feature_38,2.1567693850314618e-05,1,170.0,163.0,7.0
Local_feature_14,0.0,0,171.0,171.0,0.0
Local_feature_36,0.0,0,171.0,171.0,0.0
Local_feature_33,0.0,0,171.0,171.0,0.0
Local_feature_15,0.0,0,171.0,171.0,0.0
Local_feature_39,0.0,0,171.0,171.0,0.0
Local_feature_93,0.0,0,171.0,171.0,0.0
Local_feature_69,0.0,0,171.0,171.0,0.0
Local_feature_75,0.0,0,171.0,171.0,0.0
Local_feature_63,0.0,0,171.0,171.0,0.0
Local_feature_87,0.0,0,171.0,171.0,0.0
num_input_addresses,0.0,0,171.0,171.0,0.0
out_BTC_total,0.0,0,171.0,171.0,0.0
